reviewer_name,rating,date,review_text
Wahyu Tri Ananda,5,sebulan lalu,Salah satu gunung berapi favorit saya. Selain sangat indah juga dekat dengan rumah. Motoran dari Kota Batu hingga ke Cangar atau Mojokerto melewati kaki gunung ini pernah jadi rute mingguan saya saat di semester awal kuliah.
agus margono,5,5 bulan lalu,"Mantra Summit Challenge 2023 - 2024 , jalur Arjuno 34k. Jalur Trail Run terbaik di Jawa Timur, start dan finish di Kaliandra Resort, start pk 24.00 , COT 15 jam.. Hanya untuk para petualangan sejati, siapkan fisik dan mental untuk bergerak 15 jam tektok 💥"
Elita Nursetiari,5,seminggu lalu,"Mendaki sekali dapat 4 puncak, Arjuno, Welirang, Kembar 1 dan Kembar 2. Estimasi waktu pada umumnya agar bisa menikmati trek dan istirahat cukup 3 hari 2 malam. Namun, ada juga yang hanya 2 hari 1 malam, bahkan tektok. Kembali lagi disesuaikan dengan kondisi dan tujuan mendaki masing-masing orang. Menuju lembah lengkehan dari pos awal jalurnya cukup kondusif. Lumayan effort ketika menuju summit arjuna dan kembar 1."
Yemima Anggun Angelina,5,6 bulan lalu,"Pendakian dan puncak pertamaku😭 bersyukur polll, terimakasih juga buat kawan kawan ku yang hebat selalu support, susah senang bersama ngelewatin banyak rintangan, yang awalnya udah mau nyerah tapi kita berhasil sampe puncak dan turun dengan selamat ga kurang suatu apapun, kenangan terindah terkeren🔥God Bless u all🫶🏻. juli2024 …"
Agung Arifin,1,2 minggu lalu,"Titik koordinat lokasi tidak sesuai, terlihat di bawah gunung welirang, team admin mohon cek, kuatirnya dijadikan acuan untuk ke gn Arjuna bisa menyesatkan dan membahayakan banyak pihak, terutama di bulan Agustus yang kemungkinan banyak pendaki menggunakan titik koordinat acuan ini, sdh ada yg lebih presisi mendekati puncak Arjuno, thx sebelumnya 👍"
Ahmad Ru'yan,5,sebulan lalu,Jalur jelas pemandangan baguss
Putri Nabila,5,10 bulan lalu,"Akhirnya setelah beberapa lamanya ditutup, wishlist aku buat ke salah satu gunung tertinggi ke-2 di Jawa timur yaitu gunung arjuno dgn ketinggian 3.339 mdpl terwujud juga wkwk jadi emang bener ya kata bung fiersa, ""hal yang paling menyebalkan dari petualangan adalah, sekali kamu terkena racunya maka kamu akan kecanduan seumur hidup."" ceritanya kabur dulu nih dari hiruk pikuknya kota wkwk, seketika keindahan ini membuat aku lupa kalo sampai diatas sini tuh aku harus bergelut dulu dgn tenaga, fisikku, dan jalurnya juga sih wkwk. gokil sih bisa pas bgt waktu kesini arjuno lagi cerah2nya, banyak momenya juga karena bisa dapetin sunset, sunrise dan yang pasti bisa ke 4 puncak sekaligus🖤🤪"
Rian Wibawa,5,9 bulan lalu,Alhamdulillah bisa sampai puncak Arjuno meskipun badai angin yang terus menerpa dari awal perjalanan sampai puncak... Bomber adventure
Fedry Dwi wicaksono,5,setahun lalu,"sea of cloud di puncak ogal agil gunung arjuno adalah sebuah gunung berapi kerucut di jawa timur, dengan ketinggian 3.339 mdpl. gunung arjuno merupakan gunung tertinggi kedua di jawa timur setelah gunung semeru, serta menjadi yang tertinggi keempat di pulau jawa. biasanya gunung ini dicapai dari tiga titik pendakian yang cukup dikenal yaitu dari lawang, tretes dan sumberbrantas. nama arjuno berasal dari salah satu tokoh pewayangan mahabharata, yakni arjuna."
Putra Yudha,5,2 bulan lalu,sangat bagus dari kecil saya ingin ke puncak gunung Arjuno akhirnya kesampaian
Zidan,5,3 bulan lalu,
Rangga Branco,5,6 tahun lalu,Pendakian guning yang paling nerkesan dan sangat menantang sekali . Jalan menanjak jarang bonus Tapi hati2 di pos Pondokan banyak potensi tindakan kriminal seperti pencurian alat kemping Pos TWA masuk : 7.500 per hari Pos Ijin : 10.000 per hari + ppn 10% Parkir : 5000 per hari
Dhewangga Dwi Nanda,5,2 tahun lalu,"Unforgottable Experience in Life. Super cakepp gunung Arjuno dan Welirang. View lautan awan/cotton candy bikin takjubb. Tersedia beberapa basecamp, mulai dari Tretes, Purwosari, dan Sumber Brantas. Jalur paling cepat adalah via Sumber Brantas."
Sandy andri yatna,5,setahun lalu,Setelah ditutup hampir 1 tahun pendakian arjuno dibuka kembali! Jgn lupa booking tiket online ya di tahura raden soerjo. Per hari 20ribu per orang dan ada biaya 10 ribu per orang (di pos) untuk asuransi. Saya naik via tretes
k dunk usil,4,7 tahun lalu,"Gunung Arjuna melalui pos 1 Tambak Watu Purwodadi Pasuruan Jawa Timur. Perjalanan ekonomi dari Jogja naik bis ekonomi sekitar Rp 60.000 sampai di terminal Purabaya Surabaya lalu naik bis jurusan kota Malang bertarif Rp 10.000 turun di Pasar Purwosari Purwodadi Pasuruan, Lalu naik ojek sampai ke Pos 1 Dusun Tambakwatu Tambaksari Purwodadi Pasuruan Jawa Timur membayar Rp.25.000 . Lalu melewati jalan kampung (conblock) hingga Pos Perhutani Hutan Soeryo untuk registrasi pendakian / ijin dengan tarif Rp.10.000 beserta mencatatkan identitas diri,eh disini ada toilet sederhana plus warung sekedar minum dan makanan ringan. Selanjutnya melewati jalan setapak dengan medan bebatuan licin ( jalan air) mengikuti pipa air yang berada sebelah sisi jalan melalui hutan Pinus dan Perkebunan Kopi. Untuk menuju pos 2 dikawasan Tampuwono perjalanan sekitar kurang lebih 3 jam. Dengan berbagai macam trek pendakian. Di Pos 2 tersedia tempat mandi toilet dan juga pondokan gratis serta warung yang buka pada hari tertentu (ramai/akhir pekan) , untuk makanan maupun minuman harga relatif murah .Untuk menuju Putuk Lesung dari Pos 2 Tampuwono cukup berjalan sekitar 20 menit kearah kanan (Utara) . Untuk menuju puncak lurus naik saja ada petunjuk arah tersedia disana. Tapi untuk yang pertama kali datang saya menyarankan mengajak penduduk setempat yang hafal dengan medan maupun keadaan disekitarnya."
Ivan Permana,4,2 tahun lalu,"Arjuno, gunung dg track yg sangat berat, lebih berat dari tracking Semeru menurut saya. View di puncak Arjuno bisa terlihat puncak semeru. Puncaknya merupakan batuan besar. Kalau via tretes jalur trekking berbatu semua krn juga jalurnya Jeep angkutan belerang, sangat bikin capek tapi mudah dalam arti tinggal ikuti jalan batu itu saja, turunnya sangat menyiksa dengkul dan jempolan kaki, dijamin hahaha. Nah yg bikin bingung itu jalur summit dari pondokan, banyak jalur simpangan, apalagi kalau summit malam hari, cukup menyerang mental krn gak nemu2 jalur yg betul. Mostly jalurnya tertutup ilalang lebat dan tinggi, dan minim petunjuk, cari barengan aja kalau mau summit, jangan sendiri atau berdua apalagi kalau baru pertama ke sini. Kalau habis hujan dijamin pakaian dan sepatu basah kuyub krn kena ilalang yg basah tersebut, sepatu berasa habis kebanjiran apalagi saat melewati lembah kidang, banyak genangan air, saran saya bawa pakaian ganti kalau summit biar gak terlalu kedinginan (*kalau sehabis hujan), kalau gak hujan aman sih. Di tiap pos ada sumber air, jadi aman, sumber air terakhir ada di sebelum lembah kidang, biasanya ada yg camp disitu juga. Setelah lembah kidang baru cukup jelas petunjuk arah ke puncak arjuno/summit. Sempet lihat ada babi ukuran gedhe juga waktu summit."
Naufal Alif,5,6 tahun lalu,
Ifatul Ulfa,5,6 tahun lalu,"Pengalaman mendaki diiringi dengan suasana mistis yang kental di gunung ini membuat saya ingin kembali lagi suatu saat nanti. Dengan ketinggian 3339 mdpl, menjadikannya sebagai gunung tertinggi kedua di Jawa Timur. Otomatis saya membutuhkan waktu sekitar 2-3 hari untuk mendaki gunung Arjuno ini. Pendakian gunung Arjuno secara resmi ada 4 jalur yaitu lewat Tretes, Lawang, Batu dan Purwosari. Jalur tretes menurut saya jalur tercepat, paling ramai dan juga terdapat beberapa sumber air. Jalur yang paling saya senangi adalah Purwosari, karena lewat jalur ini saya bisa belajar sejarah (banyak peninggalan sejarah dan candi disini). Tetapi jalur ini adalah jalur paling panjang menurut saya karena melewati suatu hutan yang disebut dengan Alas Lali Jiwo. Suasana hutan yang lebat, rimbun dan hijau membuat alas lali jiwo rawan pendaki yang tersesat."
Muhammad Saifuddin,5,6 tahun lalu,"tempat yang menarik dan sangat cocok bagi pegiat alam bebas maupun penikmat sejarah... selain tempat pendakian gunung arjuno juga terdapat banyak sekali situs sejarah peninggalan kerajaan singosari sampai majapahit .... gunung yang sangat komplek dengan berbagai macam jalan pendakian mulai tanjakan, turunan, berbatu, pasir, sabana yang luar nan indah serta tangga bekas kerajaan jaman dahulu... jalur yang bisa dilewati untuk menuju puncak ada 4 1. via purwosari pasuruan 2. via tretes pasuruan 3. via lawang malang 4. via cangar batu semua menyajikan oemandangan yang berbeda beda... sangat memukau ... silahkan berkunjung sendiri dan buktikan sensasinya. selamat berpetualang"
Aka Rifqul Maula,5,7 tahun lalu,"Kemarin kami melakukan pendakian gunung arjuno via tretes pasuruan, jalur yang panjang tapi memiliki pemandangan yang indah, salah satu gunung favorit di Jawa Timur, tips : klo naik via tretes bisa double summit, Welirang dan Arjuno"
Ahmad Bagaskoro,4,5 tahun lalu,"Jalurnya menantang banget tapi semua terbayar pas sampai puncak pemandanganya luar biasa, buat yang mau summit ke arjuno pastikan bawa bekal yang cukup, pastikan tubuh kalian fit, untuk persediaan air gk usah khawatir."
Bukan Siapa siapa,5,setahun lalu,"Trek yang lumayan ngangenin, ditambah feel pas waktu sunset di lengkehan ngena banget. Whort it for your 2024 tour !"
Dr. ErroR Ir. KellaR,5,4 tahun lalu,Disanalah saya mulai mengerti bahwa perjuangan sesungguhnya yaitu mendaki menggunakan kaki sendiri bukan menggunakan mobil sampai di welirang bukan yg duduk di mobil sambil nungguin sampai di puncak bukan begitu verguso... Mending naik helikopter aja langsung samapai di puncak ....bwkwkwkwkwkw
Iyan Yukoto,5,2 tahun lalu,"Salah satu gunung sakral dengan panorama menakjubkan. Viewnya sangat indah, tenang dengan tracking yg begitu banyak kejutan. Begitu banyak peninggalan jadi bisa menambah wawasan pula. Trackingnya jauh jadi lebih baik bawa logistik lebih banyak."
Abdur Rozaq,5,7 tahun lalu,"gunung arjuno memiliki 4 jalur pendakian yaitu : batu , lawa , purwosari dan tretes. gunung ini sangat kental dengan mistis nya termasuk alas lali jiwo dan pasar dieng nya. gunung ini terletak di 3 kabupaten , yaitu malang, mojokerto dan pasuruan. gunung ini memiliki view yang sangat bagus , sabana nya bahkan samudra diatas awan nya."
Muhammad Rahmat Wibowo (Cahaya Alam),5,6 tahun lalu,"Gunung arjuno, waktu itu ku lalui via cangar, jalur yang lumayan menguras tenaga, hanya ada 1 sumber mata air yang dibuat melalui embun oleh kelompok pecinta alam, setelah melewati lebatnya hutan arjuno welirang kita dihadapkan lembah hang menajubkan yaitu lembah lengkaeng, lembah tersebut dekat dengan puncak welirang 40 menit kisaran, 4 jam ke puncak arjuno itu santaibya. Pokoknya arjuno cangar luar biasa."
Nafiz Lucien,5,4 tahun lalu,"Salah satu gunung yang terletak di jawa timur dengan ketinggian 3339 mdpl dan gunung ini bersebelahan dengan gunung welirang, sekali melakukan pendakian bisa berkunjung ke dua gunung sekaligus. Pemandanganya bagus, pengalaman yang paling berkesan yang tak terlupakan"
wk faizin,5,2 tahun lalu,"Salah satu gunung tertinggi di Jawa Timur dengan tinggi 3.339 mdpl. Kebetulan saya berangkat 3 orang via Tretes, jalan menuju pos perijinan cukup curam dan berkelok jadi disarankan motor dalam kondisi prima. 3 Hari 2 Malam, kena di 40-50rb kalau tidak salah dikarenakan wajib beli gelang juga setiap pendakian. Start ketinggian dari pos perijinan kurang lebih di 980 mdpl, sehingga perjalanan bisa mencapai 2000an mdpl untuk sampai ke puncak. Perjalanan di awal sudah menanjak dan penuh bebatuan, ± 3 jam untuk sampai ke pos 2 yaitu kopkopan. Di pos 2 ada sumber mata air, musholla, kalo beruntung juga ada warung lagi buka. Lanjut dari pos 2 ke pos 3 memakan waktu cukup lama dikarenakan kelompok mengaku kelelahan bahkan hingga disambi jalan sampai malam juga belum sampai pos 3. Secara estimasi dari pos 2 ke pos 3 sebenarnya 4 jam, tapi amannya saya bilang bisa di ± 5 jam. Terkait tanjakan asu banyak yang bilang track dari pos 2 ke pos 3, tapi menurut saya semuanya asu untuk tracknya. Sampai di pos 3 yaitu pondokan ada sumber air juga dan banyak warga lokal berjualan. Dari pos 3 terdapat 2 akses ke gunung, kiri ke arah Arjuno dan kanan ke arah Welirang. Dari pos 3 ke lembah kidang ± 1 jam. Dari lembah kidang ke puncak ± 6 jam tapi bisa lebih cepat tergantung karakter masing-masing pendaki. Menurut saya untuk Arjuno fisik saja tidak cukup, tapi mental juga harus siap karena banyak track yang bisa mematahkan semangat jika dilihat. Keuntungan via Tretes adalah banyak sumber air cuman dengan medan yang sangat berbatu dan bikin kaki rawan lelah. Selebihnya mungkin hati-hati saja kalo bangun camp di lembah kidang, kalau bisa berdekatan karena rawan babi hutan [tenda saya rusak]. Oh iya untuk Arjuno via Tretes juga akses ke puncaknya tidak langsung ke puncak, jadi harus nyebrang dulu dari puncak yang area pasar setan ke puncak ogal agil nya. Jadi kalau yang mau akses langsung ke punggung puncak ogal agil nya saya sarankan lewat Purwosari, cuman minusnya kalau tidak salah minim sumber air. Selama pendakian hingga puncak, mata akan disajikan pemandangan banyak lautan awan dan puncak gunung; Penanggungan, Butak, Semeru, Panderman, dll."
danang setyoko,5,6 tahun lalu,Jalur tambak watu purwosari selain menyajikan jalur yg sangat berkesan jga kental akan nuansa mistis yg bikin kita selalu rindu tempat ini
Pujo Pr,5,setahun lalu,"Gunung arjuno via tretes salah satu jalur paling favorit, tapi tidak untuk di ulangi."
Ma'ruf Zakaria,5,4 tahun lalu,"Pendakian Gunung Arjuno via sumber brantas 2 hari 1 malam. Basecamp > pos 1 > pos 2 > pos 3 > lembah lengkean (6 jam) Bermalam di lembah lengkean Lembah lengkean > puncak ogal agil (4jam) Turun, puncak ogal agil > lembah lengkean (3jam) Lembah lengkean > basecamp (4 jam) Jalur pendakian arjuno via sumber brantas lumayan sepi, jalurnya rimbun-rimbun sedap nanjaknya manis-manis manja. Asik tak terlupakan pokoknya. Butuh info atau teman mendaki arjuno via sumber brantas kota batu silahkan hubungi saya. Follow instagram saya @maruf_zakaria"
MUHAMAD AZHARI,5,5 tahun lalu,"Salah satu gunung yang terletak di Jawa Timur dengan ketinggian 3339 mdpl. Sangat terekomendasi untuk aktivitas pendakian. Untuk menuju puncak, terdapat beberapa jalur start pendakian, yaitu : via tretes, via purwosari, via lawang, via singosari, via cangar(batu)"
Wahyu Fitri Alifia,5,6 tahun lalu,"Gunung favorit banget ini, entahlah, paling berkesan, pengalaman ke gunung ini via tretes dimanjain sama tiap pos yang ada sumber airnya, ketemu babi pula. Mesti banget kesini buat yang hobbi ngedaki gunung"
Rud Yanto,5,5 tahun lalu,"Traking dari Lawang memang tiada ampun, seperti di hajar habis habisan tanpa ada jeda, bonus cuma 5 meter setelah itu dihajar hingga babak belur, meskipun pemandangan indah tapi tangan ini terasa tidak kuat untk mengangkat kamera, pokoknya hancur Kakiku... Tapi untunglah terbayar dengan menikmati pemandangan yang indah di puncak ogal agil Gunung Arjuno"
Rakriyan Mahapatih,5,6 tahun lalu,Gunung yang luar biasa trackingnya banyak bebatuan.. tetapi dengan banyak sekali hal yg menarik selama perjalanan membuat kelelahan terbayar.
Rani,5,8 tahun lalu,"Klo saya g sampe puncak pemirsa hanya sampai indrokilo. Situs petilasan bungkarno. Ada jg kepercayaan petilasan arjuna(salahsatu pandawa 5). Sangat dingin malam hari Cuaca tdk menentu, kadang hujan, kadang panas. Jalur menuju indrokilo hanya jalan setapak dan licin. Di sediakan tempat di indrokilo untk menginap, semacam persinggahan/rmh penduduk. Disediakan air panas dan ada wc yg layak. Hanya airnya sedikit. Di sarankan memberi upah pada pemilik persinggahan setelah untk ganti membeli air.(yg kita minum n untk keperluan kmr mandi?)"
Nusa Alfath,4,6 tahun lalu,"Bagi para pendaki pemula tidak di sarankan lewat jalur tretes karna treck dari base camp sudah menguras tenaga, lebih disarankan lewar jalur purwasari, meski spot menuju base camp cukup sulit, tetapi trecknya landai, dan terdapat banyak candi sebagai tempat istirahat."
Ety Chandra,5,8 tahun lalu,"Perjalanan yang sangat melelahkan terbayarkan dengan keindahan di atas, meski tidak sampai ke puncak rasanya sungguh luar biasa. Ada yang menarik, ada mitos bahwa pendaki tidak boleh memakai pakaian berwarna merah. Konon jika ada pendaki yang memakai pakaian merah maka akan ada badai."
Amri 04,5,3 tahun lalu,pendakian via purwosari. emang sih banyak belajar kita dari mendaki. kalo capek mah udah pasti.
Alfyananda Kurnia Putra,5,4 tahun lalu,"Salah satu Gunung tertinggi di Pulau Jawa, dengan keindahan view dan aura mistis yang menyelimuti."
SUCI NOVITASARI,3,6 tahun lalu,"Menurutku tempat ini belum banyak yg tau, jalannya agak jelek, terus kalau mau kepuncahnya siap"" tenaga yg lebih karena tinggi bgt, tapi viewnya keren..."
Abdul Malik,5,6 tahun lalu,"Puncak tertinggi Gunung Arjuno dinamakan puncak ogal agil, puncak nya berupa tumpukan batu-batu besar yang tersusun secara alami. Untuk mencapai puncak Gunung arjuno bisa melewati beberapa jalur pendakian yaitu jalur tretes, jalur purwosari, jalur lawang dan jalur batu."
Litalysaris _Channel,5,sebulan lalu,Gunung Arjuno adalah salah 1 Wishlist.q..🥰 …
Ibrahim Khalilullah,5,3 tahun lalu,"Lewat Jalur Pure Luhur Giri dengan Elevasi Gain 1600+, sebagai trail runner sangat menarik dengan kontur yg lumayan ndeder nya."
akhmad safii,5,setahun lalu,Sangat menyenangkan saat mendaki gunung Arjuna masih banyak satwa dan alam yg masih asri
zahra Alima,5,3 tahun lalu,
Ahsan Rahmat,5,sebulan lalu,"Gunungnya bikin betah,gamau balek😭🥰💅👊🏻 …"
muhammad yosho thaney,5,seminggu lalu,Sangat cocok untuk pemula
Fadlyan Affandi,5,sebulan lalu,pemandangan nya sangat indaaahhhhh
Rief 99,5,5 tahun lalu,Perjalanan yang melelahkan akan hilang seketika saat melihat keindahan Arjuna
L Hartanti,5,2 tahun lalu,
Asep Buddy Mulyono,5,5 tahun lalu,"Berada di wilayah administratif Kabupaten Malang dan Kabupaten Pasuruan, mempunyai ketinggian 3.339 m dpl, berdampingan dengan Gunung Welirang, Arjuna Welirang, untuk mendaki Puncak Gunung Welirang dari Puncak Gunung Arjuna dengan mendaki terlebih dahulu Gunung Kembar I dan Gunung Kembar II, ditengah-tengah pendakian menuju puncak kita nanti lewat Hutan Lali Jiwo. Saat pendakian gunung ini saat itu dari Kota Lawang, dengan star pendakian di mulai dari perkebunan teh di Desa Wonososari, selanjutnya melalui Oro Oro Ombo, dan hutan Lali Jiwo, untuk selanjutnya ke puncak Gunung Arjuna, pendakian ditempuh dengan waktu 6 jam lebih dari jalur ini."
Siti Aisyah Sih P.,5,8 tahun lalu,
R KUSWINARTO,5,4 tahun lalu,Pokoke bintang 5 dah...kalau ada bintang 10 ane kasih bintang 10 nih...
Romi Hanif,5,3 tahun lalu,"Gunungnya indah sekali... Gunungnya tidak sebesar Gunung Welirang dan Gunung Anjasmoro. Di waktu Saya melihat Gunung Arjuno dari kejauhan. Gunungnya kecil. Gunung Arjuno berada di antara Kabupaten Pasuruan, Kabupaten Malang, Kota Batu, dan Kabupaten Mojokerto. Gunung ini cocok untuk didaki dan dijelajahi. Karena gunung ini indah. Saya pernah ke Malang lewat Pasuruan. Ketika Saya berada di tengah jalan, terlihat Gunung Arjuna. Gunungnya bagus, indah, menarik. Udara di sekitar gunung tersebut sejuk dan dingin. Ada hutan di Gunung Arjuno. Hutannya cocok untuk dijelajahi. Di sini terdapat aneka fauna di dalamnya. Yaitu lutung jawa, monyet ekor panjang, merak hijau, kancil, rusa, kijang, elang jawa, elang ular bido, aneka burung berkicau, dll. Di sini juga terdapat aneka flora di dalamnya. Yaitu pohon pinus, pohon jati, pohon mahoni, aneka tanaman merambat, dll. Dari puncaknya Kita bisa melihat pemandangan Kabupaten Pasuruan dari jauh."
alvian jihan,5,3 tahun lalu,"Bagi yg mau mendaki di gunung arjuno, harus dipersiapkan bekal , fisik & makanan , suhu di gn arjuno sangat dingin, perjalanan menuju basecamp maupun ke puncak sangat jauh...apalagi lewat jalur tretes yg sepanjang perjalanan track nya dipenuhi dengan bebatuan, tapi pemandangan alamnya sangat bagus & sumber mata air nya yg sangat jernih & alami"
Stevenz Uyab,5,5 tahun lalu,"jalan super nanjak, jika ragu mending kembali jangan mendaki."
Anan 26,5,4 tahun lalu,Perjalanan via tretes lumayan menguras tenaga tapi di bayar dengan pemandangan yg indah
Fuad Madani,5,3 tahun lalu,Salah satu dari sekian banyak tempat Apapun itu arjuno selalu keren jagaa dari sampah adalah tugas dan kewajiban jika berkunjung!!!
yudi irawan,5,7 tahun lalu,Gunung arjuna itu memberikan kenangan tersendiri dengan ke mistisan keangkeran nya. Nginep di pucuk gunung tertinggi ketiga dijawa Malem hari ada suara lonceng. Ada yang goyang goyangin tenda Merasakan hujan badai ajiib
Farell Wirayudha,4,setahun lalu,"Gunung Arjuno di Pecalukan Barat, Prigen, Pasuruan, Jawa Timur, adalah salah satu gunung yang terkenal dan tertinggi di Jawa Timur. Pendakian Gunung Arjuno menawarkan pengalaman petualangan yang menantang dengan pemandangan alam yang spektakuler di sepanjang perjalanan. Rute pendakian ini melewati berbagai jenis vegetasi, mulai dari hutan hujan tropis hingga padang rumput alpin. Di puncak, para pendaki dapat menikmati pemandangan yang memukau dan merasakan kepuasan yang luar biasa atas pencapaian mereka."
Elco Hukubun,5,5 tahun lalu,"Kalau ke arjuno Via Tretes memang melelahakan, tapi semuanya terbayar oleh pemandangan puncak gunung yg luar biasa"
onadiyaa ayu,5,6 tahun lalu,jalur via Tretes emang ga bisa bikin move on sih 😔🤣 …
Galih Twedha,5,2 tahun lalu,"Jalur bikin ngos-ngosan, tapi selalu terobati saat di puncak..."
Alexrudy,5,5 bulan lalu,View pemandangan indah
kankip uye,2,8 tahun lalu,"Mendaki gunung itu memberikan sedikit banyaknya pelajaran bagiku, dan mengajariku akan banyak hal . Makasih"
Moch. Rafi,5,6 tahun lalu,Gunung yang gagah dengan sejuta pemandangan yang cukup memanjakan mata ditambah dengan hawa mistis yang cukup kental
Alfian Pratondo,4,6 tahun lalu,"jajaran pegunungan Tengger Bromo Semeru, tampak dari puncak Arjuna"
andriani,5,5 tahun lalu,"Naik ke arjuno ber sepeluluh, perjalanan selama 4 hari sampai di surbya"
Muhammad Ramadhani,5,6 tahun lalu,"Jalur pendakian yang panjang dengan pemandangan yang indah, gunung arjuno juga menyimpan banyak keindahan di dalamnya"
Prasetyo Margaret Wibisono,5,6 tahun lalu,Bau belerang yang sangat menyengat di puncak welirang namun tidak mengganggu pemandangan yang indah dan tolong hormati para penambang belerang yang lewat
Sandhy Yudha Wicaksono,5,6 tahun lalu,Basecamp gunung arjuna via pasuruan tempat regis bagi para pendaki yang akan mendaki gunung arjuna
Jumanan 72,5,4 tahun lalu,Rahayu'banyak sekali petilasan di sana(gg arjuno) & alam nya yg sangat indah di pandang & di nikmati'jos pokok e🙏 …
aqeela uzma naufa,5,4 tahun lalu,Saya menyukai ya karna banyak pemandangan ciptaan Allah SWT /Tuhan alam semesta🌌🌌 …
Den Codet,4,8 tahun lalu,"hanya bisa lihat keindahan gunung arjuno dari atas genteng di pagi hari, hahaha"
Fauzy El karimy,4,11 bulan lalu,"Gunung dengan syarat keindahan dan ketenangan.... Trimakasih gunung Arjuna, Sudah memberikan banyak pengalaman dalam hdup saya."
Lily Raa,5,6 tahun lalu,
Ajar Sunu Loko,4,4 tahun lalu,Pemandangan paling bagus lewat jalur lawang 🍃 …
Ridwan Supriadi,5,6 tahun lalu,"Gunung Arjuno dapat didaki dan berbagai arah, arah Utara (Tretes) melalui Gunung Welirang, dan arah Timur (Lawang) dan dari arah Barat (Batu-Selecta), dan arah selatan (Karangploso), juga dari Sumberawan, Singosari. Desa Sumberawan adalah desa pusat kerajinan tangan di kecamatan Singosari, Kabupaten Malang dan merupakan desa terakhir untuk mempersiapkan diri sebelum memulai pendakian. Bisa juga melewati Purwosari yang lebih gampang dilewati, karena hanya setengah jam dari jalan raya dan langsung sampai di Tambakwatu."
budi masrianto,5,6 tahun lalu,"Sungai Bengawan Solo . Beberapa destinasi wisata yang terkenal hingga ke seluruh Indonesia maupun luar negeri juga terletak di lereng Gunung Arjuno, di antaranya adalah Tretes , Kota Wisata Batu , dan Taman Safari Indonesia 2 . Gunung Arjuno mempunyai kawasan hutan Dipterokarp Bukit , hutan Dipterokarp Atas , hutan Montane , dan Hutan Ericaceous atau hutan gunung."
Mohammad Rubbi Al Khusain,4,6 tahun lalu,
Setio Budi Rianto,5,6 tahun lalu,"kalau mendaki harus benar2 diperhitungkan waktu nya,sbb pengalamanku dulu waktu mendaki welirang dan rencana dilanjut ke arjuna dengan batas waktu dua hari ternyata wktu dua hari trsbt hanya cukup di welirang dan niat utk ke arjuna harus batal sbb besoknya harus sekolah,semoga kpn2 bisa ndaki ke arjuna"
ZULFAN AS,5,7 bulan lalu,"tinggi indahh banget gunung nya, atap Jawa Timur"
Efin gusman,3,7 tahun lalu,"Gunung arjuno atau juga dikenal dengan nama Gunung Pawitra terletak di dua kabupaten di Jawa Timur, yaitu Kabupaten Mojokerto dan Kabupaten Pasuruan. Di sebelah selatan gunung ini berdekatan dengan rangkaian Gunung Arjuno, Gunung Welirang, dan Gunung Kawi. Nama Pawitra terdengar sakral di telinga saya. Memang tidak salah, karena kata “Pawitra” berasal dari bahasa bahasa Sansekerta yang berarti “tempat mensucikan diri”. Hal ini juga didukung fakta bahwa terdapat banyak peninggalan candi di sekitar gunung tersebut, dan terdapat petirtaan Jolotundo di kaki gunung yang dipercaya sebagai tempat suci yang biasanya menjadi salah satu jujugan para pencari sumber air suci. Saya pribadi, hal yang membuat sangat penasaran dengan Gunung Penanggungan ini adalah tentang mitos bahwa gunung ini sebenarnya merupakan potongan puncak Mahameru (Gn. Semeru) yang tidak jauh letaknya di arah tenggara. Dengan kata lain, setelah berhasil naik puncak Mahameru maka belum afdhol kalau belum merasakan puncak Mahameru “sebenarnya”, yaitu puncak Pawitra"
Saif Azzuhri,5,2 tahun lalu,Salah satu 7summit pulau jawa.memiliki julukan gunung 1000jalur.view yg indah menjadi pengobat lelah setelah Berjam jam perjalanan menyusuri jalur pendakian
Didik Santoso,5,2 tahun lalu,Dengan adanya gugle mab sangat membantu dalam berpergian
Basq RATM,5,7 tahun lalu,jalur pendakian MT arjuno via lincing memang sungguh ciamik. ig @nthe_bas
Moh. Ma'fur Romadhani_O7620,5,setahun lalu,Salah satu gunung yang direkomendasikan untuk dijelajahi bagi para pendaki yang terletak di Jawa Timur dengan ketinggian mencapai 3.339 mdpl
Nopual Pall,5,setahun lalu,Di rekomendasikan via sumber Brantas :)
ahmad izzul widad fahmi,5,6 tahun lalu,"Gunung Arjuno (terkadang dieja Gunung Arjuna) adalah sebuah gunung berapi kerucut (istirahat) di Jawa Timur, Indonesia dengan ketinggian 3.339 m dpl. Gunung Arjuno secara administratif terletak di perbatasan Kota Batu, Kabupaten Malang, dan Kabupaten Pasuruan dan berada di bawah pengelolaan Taman Hutan Raya Raden Soerjo. Gunung Arjuno merupakan gunung tertinggi ketiga di Jawa Timur setelah Gunung Semeru dan Gunung Raung, serta menjadi yang tertinggi keempat di Pulau Jawa. Biasanya gunung ini dicapai dari tiga titik pendakian yang cukup dikenal yaitu dari Lawang, Tretes dan Batu. Nama Arjuno berasal dari salah satu tokoh pewayangan Mahabharata, Arjuna. Gunung Arjuno bersebelahan dengan Gunung Welirang, Gunung Kembar I, dan Gunung Kembar II. Puncak Gunung Arjuno terletak pada satu punggungan yang sama dengan puncak gunung Welirang, sehingga kompleks ini sering disebut juga dengan Arjuno-Welirang. Kompleks Arjuno-Welirang sendiri berada di dua gunung berapi yang lebih tua, Gunung Ringgit di timur dan Gunung Lincing di selatan. Area fumarol dengan cadangan belerang ditemukan di sejumlah lokasi pegunungan ini, seperti pada puncak Gunung Welirang, puncak Gunung Kembar II, dan pada sejumlah jalur pendakian. Gunung Arjuno mempunyai kawasan hutan Dipterokarp Bukit, hutan Dipterokarp Atas, hutan Montane, dan Hutan Ericaceous atau hutan gunung. Gunung Arjuno dapat didaki dan berbagai arah, arah Utara (Tretes) melalui Gunung Welirang, dan arah Timur (Lawang) dan dari arah Barat (Batu-Selecta), dan arah selatan (Karangploso), juga dari Sumberawan, Singosari. Desa Sumberawan adalah desa pusat kerajinan tangan di kecamatan Singosari, Kabupaten Malang dan merupakan desa terakhir untuk mempersiapkan diri sebelum memulai pendakian. Bisa juga melewati Purwosari yang lebih gampang dilewati, karena hanya setengah jam dari jalan raya dan langsung sampai di Tambakwatu."
agoest jayadi,5,8 tahun lalu,"Dari puncak, memang uindaaaah . Tetapi harus tetap taati peraturan dr pos , jika tidak diperbolehkan naik, ya jgn naik.. karena biasanya faktor cuaca yg jd penghalang"
haris setiyarso,5,6 tahun lalu,"Gunung Arjuno bisa dilewati dari bumi perkemahan Kakek Bodo, dan disetiap pos terdapat mata air, Gunung Arjuno bersebelahan dengan Gunung Ringgit 1 dan 2, atau lebih mudah menyebutnya gunung kembar, disebelahnya lagi ada Gunung Welirang. Dari Bumi perkemahan Kakek Bodo menuju Kop-Kopan melewati Pet Bocor memakan waktu sekitar 5 jam perjalanan, perjalanan selanjutnya menuju Pondokan melewati Alas Lali jiwo memakan waktu sekitar 4-5 jam, dari pondokan ambil jalur kekiri menuju Puncak Gunung Arjuno melewati Lembah Kijang membutuhkan waktu sekitar 3-4jam ( Dari Pondokan kekanan Jalur menuju Puncak Gunung Welirang melewati Tebing Semar, Kalau lurus menuju Gunung Kembar )"
Muhammad Irvan Hermawan,5,6 tahun lalu,"Perjalanan yang melelahkan terbayarkan sudah. Dari puncak arjuno, kita bisa lihat anjasmoro, semeru, penanggungan, butak, panderman, welirang, dkk. Sebelum melakukan pendakian, sebaiknya telpon pos perijinan terlebih dahulu. Untuk memastikan apakah ijin pendakian sedang dibuka atau tidak. Ini mengingat beberapa pekan yang lalu sempat terjadi kebakaran di sekitar jalur pendakian."
Hartono,5,3 tahun lalu,"Gunung yang menguras mental dan fisik (via tretes). Planning awal 2D1N jadi 3D 2N. Pemandanganya keren, melawati hutan pinus yang tinggi2, savana yang luas (lembah kidang, lali jiwo) dan di puncak ogal agil view keren, di atas awan. Banyak sumber air, terakhir di lembah kidang, kalo mau jajanpun bisa, harganya gak mahal2 amat, gorengan 2rban. Minusnya jalanya makadam/bebatuan dari basecamp smpe pondokan (skitar 10-13km), klo ke welirang smpe puncak jalanya makadam, kaki pasti sakit karena membawa beban plus menginjak bebatuan yang lumayan tajam. Start dari basecamp jam 8pagi, belum smpe pondokan sudah kena malam, akhirnya camp di 1 jam sebelum pondokan. Muncak arjuno jam 7 pagi smpe puncak ogal agil jam 3 sore, turun dari puncak jam 4 sore, smpe pondokan jam 10 malem, bener2 menguras fisik dan mental. Dan perlu hati2, hilir mudik jeep pembawa belerang dan pendaki, naik turun, pas ketemu jalan yang sempit kita harus bener2 minggir, soalnya jeepnya gas pol biar bisa nanjak tanpa mundur, pas naik beberapa bulan yang lalu ada yang keserempet jeep smpe memar, smpe susah jalan."
Muhammad Rizky Firmansyah,5,7 tahun lalu,"Gunung tertinggi ketiga di Jawa Timur. Konon katanya jika melakukan pendakian di gunung ini, anggota tim tidak boleh berjumlah ganjil. Meskipun begitu, pemandangan yang disuguhkan sangat indah. Jika melalui jalur Tretes bisa sekaligus menaklukkan dua puncak, puncak Gunung Arjuno dan Gunung Welirang."
Nur Ahmad,5,3 tahun lalu,Gn Arjuno. Indah dan trek menantang
Nehemia Tegar Charisma,4,7 tahun lalu,"Sabi parah, walaupun batu doang isinya dan no bonus jalurnya"
Ach Maulana,5,5 tahun lalu,"Via tretes adalah salah satu jalur untuk menuju gunung arjuna, di pos 3 pondokan ada simpangan yang tertuju ke gunung welirang, dan sumber mata air sangat banyak disana, selamat mendaki"
Hendry Se,5,sebulan lalu,Pada tahun ini ada
Wiki Wiki,5,6 tahun lalu,"gunung ini memiliki track bebatuan yang tidak mudah, merusak sepatu, dan membuat kaki kami sakit, usahakan jangan naik pada malam hari karena kurang baik atmosphere nya, jangan membuat api unggun di hutan pinus yang kering, selalu berdoa mohon pertolongan Allah"
Abdul Mutaali Balmukhtar Al-Idrisi Al-Hasani,1,5 tahun lalu,"mulai gundul, lereng lereng di alihkan menjadi kebun sayur, padahal sebaliknya perlu digiatkan reboisasi, terutama pohon yang akarnya kuat menyimpan air, supaya ketika air dari langit tumpah tidak langsung mengalir ke lembah tapi disimpan di tanah."
aga yulianto,5,6 tahun lalu,Tempat yg tenang dengan view luar biasa
ARCLINE SOKHAMADZ,5,8 tahun lalu,selamat datang di gunung kembar tapi beda
112Aron Nainggolan,5,5 tahun lalu,"Untuk pendaki, jangan lewat jalur kiri, karena mistisnya sangat kuat disana, diutamakan di lereng/lembah"
Aziz Si Petualang,5,6 tahun lalu,Pokoknya disana kenangan paling berharga..
Yusuf,5,2 tahun lalu,Jalur pendakian via Purwosari track yang paling mantap ke gunung Arjuno
Haris valentino16,5,3 tahun lalu,Bukan mimpi jika berjuang sepenuh hati_hv14
aris setio,5,4 tahun lalu,Wonderfull treknya
Davak,5,7 tahun lalu,Pendakian via tretes bisa mendaki ke 2 rute gunung. Cocok juga untuk pendaki pemula yang ingin camping beberapa hari di gunung
Syamsul Anam,5,5 tahun lalu,"Kesini tahun 2012, udah lama ya 😅😅😅 8tahun lewat, ini pas waktu camp di Pet Bocor, waktu masih SMA, tapi ke puncak gunung Wilirangnya, rombongan sekitar 17 orang, menghabiskan waktu sekitar 3hari dari bawah hingga ke puncak Wilirangnya, Seru banget deh pokoknya, tapi yang mau berpetualang ke gunung, hati dan pikirannya harus bersih 😅😅 kenapa? Takutnya kalo pikirannya ga bersih ntar nyasar loh 😆 dan itu terbukti, Sebelum naik ke puncak, wajib laporan dulu di pos perijinan, agar kalau terjadi sesuatu yang tidak diinginkan biar ada yg bantu, okey"
Ferdi Ansyah,5,2 tahun lalu,allhamdulillah dapet view cerah
Herry Poernomo,5,7 tahun lalu,Gunung Arjuno sangat cocok utk para pendaki pemula yg pingin tahu rasanya naik gunung n Camping di jamin anda akan menemukan pengalaman tersendiri tentang cara mensyukuri anugrah Tuhan yg indah n mempesona...kalo pingin lebih seru lagi tinggal ngelanjutin aja naik Gunung tetangganya yaitu Gunung Welirang..kan mereka berdua bergandengan jadi tinggal ngelanjut ke seberang sudah welirang..di jamin seru n ga bakalan rugi..anda akan banyak belajar memahami sifat dan karakter diri anda sendiri dan teman anda atau pasangan anda selama anda melakuakn pendakian di dua Gunung tsbt...soo..selamat mencoba...have funn
Rainjalin Prajakusuma,5,6 tahun lalu,"Hahaha. . Mantul mantap betul nih gunung. Terdapat 2 jalur kalo summits dari Lawang, jalur savana yang landai namun lama dan jalur rincing yang curam namun cepat. Disarankan membawa persiapan yang lengkap."
ifan jazuli,5,6 tahun lalu,Jalur Tretes mantep apalgi tanjakan asunya😁😁😁😂 …
Sirajudin Raju,5,7 tahun lalu,"Ada 3 jalur pendakian yg populer. Via Tretes, Lawang dan Purwosari. Via Tretes biasanya lewat jalur penambang, lewat pasar setan juga. Via Lawang, lewat kebun teh. Via Purwosari lewat jalur Petapa, hampir setiap pos ada situs sejarah nya."
AKA LORD Iman,5,setahun lalu,hampir gagal karena logistik yg kurang siap tp Alhamdulillah bisa sampai ke puncak
emballove GARENA•IND,5,7 tahun lalu,"Gunung yg keren, view nya cakep banget bisa dapet sunrise kalo di puncak tapi tergantung kabut apa ga"
wawan noko,5,6 tahun lalu,"Gunung Arjuno Weh pengalaman tak terlupakan mendaki via Purwosari dengan pemandangan indah ,lewati situs purbakala banyak petilasan ,eyang Semar ,eyang sakti,begawan abioso dan masih banyak lainya , banyak candi candi kayak di gunung penanggungan ,perjalanan 4 hari 3 malam ,puas di puncak turun via Lawang kebon teh Wonosari usss lali jiwo lembah kijang , siiip pool 👍👍👍👌"
Agus Nasih Hanip,1,6 tahun lalu,"Titik gps yang salah, tidak tepat + ngawur, meleset jauh dari lokasi yang sebenarnya. Titik gps ini lebih cocok sebagai gunung Welirang daripada sebagai gunung Arjuno."
ken moeslim,5,2 tahun lalu,"setelah membaca cerita Wali Paidi, yang pernah hadir di gua di gunung arjuna, semoga Allaah Ta'ala membukakan hati ini untuk lebih taqwa, Allaahumma Aamiin"
dimas rachmat,5,7 tahun lalu,"Gunung Welirang adalah sebuah gunung berapi aktif dengan ketinggian 3.156 m dpl yang secara administratif terletak di perbatasan Kota Batu, Kabupaten Pasuruan, dan Kabupaten Mojokerto, Jawa Timur, Indonesia. Gunung Welirang berada dalam pengelolaan Taman Hutan Raya Raden Soerjo."
Wan Daulay 1229,5,2 tahun lalu,"Full batu dri basecam k pos terakhir, hampir gk bisa turun ( buah betis naik😬 ) HORAS # via TRETAS …"
BANG OFFICE,5,5 tahun lalu,
Imanika Bunga Ayu,5,8 tahun lalu,Mendaki dengan hati dan pikiran yang bersih..jangan membawa wanita sedang menstruasi dan jangan mendaki ganjil..mitosnya masih sangat kental..
Lia Rama,5,3 tahun lalu,Pemandangan gunung arjuno
Anas Rs,5,sebulan lalu,Tetap dihati
Andreas Nugroho,4,5 tahun lalu,"Yg sebelah utara itu gn. Welirang, yg selatan gn.Arjuno..mohon edit lg map nya..biar tdk slh sebut✌ Selama ini ada beberapa orang yg menyebutkan klo kedua gunung itu adalah sama2 gunung Arjuno..acuan dia dgn melihat map. Padahal semua orang jg tahu, ada gunung Welirang disitu. Sy pribadi sebenarnya tdk terlalu mempersalahkan ttg hal ini, tp utk generasi mendatang dampaknya jg tdk bagus utk pengetahuan, klo hanya melihat map/tehnologi yg salah. Bahkan sy pernah jg dengar sendiri waktu di pemandian Cangar, yg memang berada di kaki gunung welirang...ada seorang bpk yg ditanya anaknya ttg nama gunung yg terlihat jls...si bpk jwb gunung Arjuno.😁 Klo kita liat dr kota Batu, emg dominan yg terlihat cm gunung Arjuno sj. Klo kita jalan lg kearah utara/arah Cangar menuju Pacet.. tepatnya di desa Sumber Brantas..akan terlihat dgn jelas kedua puncak gunung yg berbeda. Gunung welirang akan slalu mengeluarkan asap welirangnya dan akan terlihat dg jelas klo cuaca lg cerah. Maaf bukan menggurui🙇, tp utk edukasi bersama di masa datang. Salam merdeka..🇮🇩🇮🇩"
Akbar R Darmawan,5,7 tahun lalu,Via lawang kereng jalannya nanjak terus bagi pendaki wajib lah lewat lawang karena tantangan yang lumayan besar.
Keyza Aj,5,setahun lalu,
John Roy Sidauruk,5,2 tahun lalu,Salah satu gunung yang terletak di jawa timur dengan ketinggian 3339 mdpl dan gunung ini bersebelahan dengan gunung welirang.
Obi Nope,4,4 tahun lalu,"Indahnya gunung Arjuna jika dipandang dari Malang, hanya saja pemandangan sore ini sedikit berkabut (8/11/2020, Pk. WIB)."
dhedyn dendisc,5,4 tahun lalu,"Gunung ini berada di wilayah malang, pasuruan, ada berapa jalur pendakian, bisa lewat lawang dengan jalur kebun teh, dan bisa lewat jalur purwosari pasuruan, bisa juga lewat tretes, bila lewat lawang via kebun teh akan menemui padang sabana, bila melalui purwosari akan menemui jalur yang penuh dengan situs kerajaan seperti candi dan patung patung, jalur purwosari dikenal sebagai jalur peziarah bagi pelaku spiritual, dua jalur ini punya pemandangan yang bagus, bagi penikmat kopi d ketinggian silakan untuk berkunjung."
Budi Keeper,5,2 tahun lalu,Treking terpanjang 4 malam 5 hari bagi yg ekperient di sarankan bukan untuk pemula
Bening Guest House,5,3 tahun lalu,Yg aku tahu Gunung ini tempatnya arya kamandanu menenangkan diri bersama anaknya setelah kematian istrinya sakawuni..😀😀😀 …
niraa __,5,5 tahun lalu,Samudera diatas awan. Good view 😃😃 …
abinanya lirka pratama official,1,6 tahun lalu,Klok pemandangan yang bgus Tp klok untuk tmpat msih takut Semenjak ada kejadian ank hilang d gunung piramit.
Keluarga HH,1,5 tahun lalu,"Ini poin map untuk gunung Welirang kurasa, bukan Arjuna. Tolong gmn ini caranya menyarankan untuk edit nama gunung. Sangat parah ini."
Muhamad Riansyah,5,6 tahun lalu,Jalur Via Tretes Asik... ✌
Zainal Abidin,4,4 tahun lalu,Perjalanan ke puncak yang penuh mistis...banyak petilasan peninggalan kerajaan...sangat indah
Galoh Novika,4,6 tahun lalu,Wah udah bagus suasananya tpi klu ada jln setapaknya malah bagus untuk pendakian ke puncaknya.
Mas Daus,4,6 tahun lalu,"Kalo dilihat titik koordinatnya, spertinya ini adalah gunung welirang, mohon diperbaiki, karena gunung Arjuno ada di sebelah gunung Welirang."
Amalliyatus Solikha,5,5 tahun lalu,Karena pemandangan yang saya ambil di saat berangkat kuliah selalu bikin mrnakjubkan atas ciptaan tuhan
Teguh Wicaksana,5,2 tahun lalu,Sngaat luar biasa dan tidak bisa d ungkapan dengan kata kata...ternyata beribu ribu .menyimpan misteri❓❓❗❗❗
Panitia Lucky,5,4 tahun lalu,Yang rencana mendaki disini mohon pertimbangkan logistik terutama air
Desza channel,4,4 minggu lalu,
Eko Suryo,1,7 tahun lalu,Titiknya Salah Nama dan Tempat yang benar geser ke kiri ada kawah Gunung Welirang. sedangkan Gn. Arjuna geser ke bawah sudah ada namanya.
Kulo tresno sampean,5,8 tahun lalu,Banyak cerita mistis. Tapi pemandangan yang sangat indah.... Inilah kecantikan alam yang tak tertandingi
henri,5,2 tahun lalu,cakep tp nyiksa kaki 😁 …
Masrofy akhsan,5,sebulan lalu,
vipy dwirahmayanti,5,setahun lalu,Selalu menjadi keindahan tersendiri disaat memandang indahnya gunung ciptaanNya
maslucky delamo,5,setahun lalu,"Tujuan pendaki, view bagus"
Mei Mei,5,7 tahun lalu,Pengalaman hebat
Femas Dwi ferdiansyah,5,4 tahun lalu,Gunung arjuna enak pollll. Karena itu lebih baik dari pada mau ikut dong kalo gue punya teman baru aja deh buat kalian semua kesepian
Khalid Motovlog,5,6 tahun lalu,Salah satu gunung yang melelahkan untuk didaki tapi view nya tidak pernah mengecewakan
gula gulali,5,2 tahun lalu,Ini adalah tempat kelahiran saya di lereng Gunung arjuna banyak mistis dan keanehan peninggalan purbakala di gunung arjuna
Sudarmo 152,5,3 tahun lalu,Tempat ku bermain keuka 👉 itu pokoknya indah sekali... Kapan kapan kita main lagi …
Desta Afifah,5,8 tahun lalu,"Semuanya indah, tapi Lali Jiwo bener-bener bikin lali jiwo beneran. Lintas Tretes - Purwosari dan Purwosari banyak candi-candinya."
Asrul Najib,5,8 tahun lalu,Jalur welirang via tretes mantaaap
Budihardjo Hendriarto,5,4 tahun lalu,Tanjakan berat tidak mengurangi kenikmatan pemandangan alam
Fera,5,5 tahun lalu,"Bagus banget pemandangannya bener"" bikin nyaman dan suasananya juga sejuk. ☺️"
"Safira zahra Sa,ada",5,10 bulan lalu,Bagus pemandangan nya
Rizky Nath,5,6 tahun lalu,Permisi om/mas mau tanya pendakian via tretes februari apa dibuka?? Terima kasih
Nshane,4,7 tahun lalu,Banyak wisata dari pemandian airpanas sampai pendakian dan perkemahan camping
jefri asmawa,1,5 tahun lalu,Ini bukan gunung arjuna... Rasanya ini welirang.. Tolong peta daerah di buka lagi atau dinas pertanahan menyebutnya ini apa... Kalau dari letaknya ini Gunung Welirang
Eric 011,5,2 tahun lalu,Apakah disini ada dikasih map atau rute Pedakian ke puncak
Rosma Rosa,5,5 tahun lalu,Pengalaman menanjak yang membuat kepala cenat cenut
Marmut Merahmuda,5,4 tahun lalu,"View puncaknya manteb banget pokoknya, keren"
Wawan Wawan,5,4 tahun lalu,"Sejuk, indah sekali, ciptaan Allah maha sempurna suatu nikmat yg luar biasa"
Annika,5,3 tahun lalu,Saya motret Gunung Arjuno ini saat perjalanan dari Surabaya ke Malang
munar munir,1,3 tahun lalu,"Ini adalah lokasi salah, gunung arjuno bukan lokasi ini, ini adalah masih area welirang, semoga dihapus dari maps"
Gus Ipul Official (Gus Ipul),5,4 tahun lalu,Salah satu gunung andalan pecinta alam untuk mengeksplorasi keindahan alamnya.
Calista lista,2,4 tahun lalu,Sungguh menakutkan tpi enak tempatnya mentep pokok e
jumanan kunci,5,3 tahun lalu,"dulu sy & kadhang"" saya sering kesana.sekang masih musim covid.jdi blm bsa naik ke gg arjuno🙏🇮🇩 …"
Basory Bagong,3,4 tahun lalu,Desa singosari tepat di kaki gunung arjuna.dinginya bukan main.
ridwan yahya m,5,8 tahun lalu,gunung yang patut didaki oleh para pendaki. Karena jalurnya luar biasa
Lyosha,5,2 tahun lalu,"Arjuno via sumber Brantas, estimasi perjalanan 8 jam santai 👍 …"
Pram Cesco Totti,1,4 tahun lalu,"Ini sebenarnya posisi gunung welirang, bukan arjuno, sedangkan gunung arjuno sendiri dinamai disini gunung ""arjuna"" perbaikii gugel"
dimas sofiyan,5,3 tahun lalu,Tempat yg sangat cocok buat pecinta alam
Achmad Suryo,4,4 tahun lalu,"Gunung paling menyeramkan bagi saya,untung aja masih slamet"
albert fajrin Ok,4,6 tahun lalu,Sangat menantang
Eka P. Negara,5,4 tahun lalu,Sangat bagus pemandangan di gunung arjuno
Setiyan,5,setahun lalu,Membangun istana sederhana berdua Dengan Cinta Sejati
Widyo,4,4 tahun lalu,"Covid, dingin hujan es, Arjuno Welirang tutup lagi"
AF Citra Pertiwi,4,3 tahun lalu,gunung terpampang depan rumah hheheee gunung berapi yang tidur
Badri Ihya',4,4 tahun lalu,Perlu diperhatikan pada papan penunjuk jalan. Semoga kalian tidak tersesat.
Feri Firdiansyah,5,6 tahun lalu,"Arjuno via tretes mantap abis lah, kalau ga tersesat di alas lali jiwo kurang greget hehe"
Bass Tiand,4,6 tahun lalu,Dengan ketinggian 3.339Mdpl Anda bisa melihat indahnya awan-awan yang seperti gulali.
arga,5,3 tahun lalu,apakah udah di buka untuk akses gunung nya?
Joe Surianto Kaban,5,7 tahun lalu,Gua sering ke gunung ini dan katanya gunung ini mistiss/serem karena banyak petilasan peninggalan!!!
Vanza Akbar Putra subagyo,5,4 tahun lalu,"Di dekat rumah saya,saya bisa melihat gunung arjuno yang indah"
Ayu Latuconsina,5,6 tahun lalu,Mantep jalurnyaa
Pradana Joss,1,7 tahun lalu,Penanda lokasi duplikat dan salah harusnya bergeser lebih kebarat dan namanya Gn. Welirang
M Surya Andika,5,4 tahun lalu,Arjuno gunung yang mistis namun saya mempunyai berbagai cerita disana
Dimas phiand,5,6 tahun lalu,"Keren Banget, Pas buat para pendaki, yang masih baru Mendaki"
Aone Ae,2,6 tahun lalu,Ini penandaanya salah tempat. Msk gunung arjuno terletak di lereng gng welirang..
Lindha Lifa,5,4 tahun lalu,"Estimasi biaya murah, pelayanan baik. Rindu hiking"
muhhamad nasrul alim,5,6 tahun lalu,Pemandangannya bagus dan udaranya sangat sejuk dipagi hari
Lukman Chakim,5,3 tahun lalu,Puncaknya joss tracknya menantang
N. Jae Priyatna,5,3 tahun lalu,Puncak adalah bonus yang terpenting kita
Rizky Fadhlillah,2,5 tahun lalu,ini kok ada dua ya yang bener yang mana posisi di peta mohon tim google maps segera di edit dan di update lagi
Abdul Jimad,1,8 tahun lalu,Ini lokasi dan gambar gn. Welirang Ada kawahnya Kalo gn. Arjuno tidak ada kawah
Sukses Leo,5,4 tahun lalu,Luar biasaaaa.. ! Bagus dan minat utk ditelusuri potensi SDA nya
Mochammad Nuril A'la,4,7 tahun lalu,Pengalaman berharga
Muhammad Maulana ilham,5,3 tahun lalu,Ini Pemandangannya Waktu Saya DiPos4 Gunung Arjuno
Fadlan Sazudi,5,setahun lalu,capek pol tp terbayar pas udah d atas
Iwan raung,5,3 tahun lalu,jalur dan pemandangan nya istimewa
Arya Azka,5,2 tahun lalu,Sekali... dua kali.... tiga kali... tak pernah bosan untuk kembali
Jayus Jr,5,5 tahun lalu,Sy paling sering ke g arjuno . Melalui jalur mistik lewat purwosari pasuruan
Akun Lama saya,5,5 tahun lalu,Tolong saya minta nomer wa admin basecame Gn arjuno donk
Ahmad Billy Hamzah,5,6 tahun lalu,Satu dari sekian atap atap bumi yang perlu dikunjungi.
Fahmi Suryatama,5,4 tahun lalu,
siapa saya?,5,4 tahun lalu,Jalur via Tretes yang sangat ekstrim
Andrean Prasetya,5,6 tahun lalu,Track ga susah-susah amat. Ada sumber air juga
Jo Hariyoko,5,4 tahun lalu,"Penandanya Salah, harusnya ini Gunung Welirang"
Eka Diarta,5,7 tahun lalu,"bagus, cukup itu saja. selebih nya 😁 tertulis lewat emo. …"
Karina Virrisya Ariesta,5,8 tahun lalu,Jika sudah ada himbauan untuk tidak naik gunung maka taatilah 👌 …
Zatmiko Alkatiri,4,7 tahun lalu,"Bgus utk camping,selfi dan mendaki"
Ronald Pasaribu,5,6 tahun lalu,"Tempat yang sejuk dan indah, cocok untuk melepas penat dari pekerjaan"
RESTU Niaga,5,7 tahun lalu,"Tempat wisata pegunungan di malang, ada pura juga di sana"
Ical Ja,5,4 tahun lalu,Menemukan bunga cantik di gn. Arjuno
{FIRDAN} Arofats,5,8 tahun lalu,Daki lewat via purwosari Ternyata lebih nyaman. lebih mantap
uli husna,4,4 tahun lalu,Aku terkejut ketika saya pertama Kali kegunug arjuno
Maftuhin Hilmi,1,5 tahun lalu,Kurang valid poin map arjunonya.. g presisi
Irsab Methal,5,4 tahun lalu,"Bisa lewat wonorejo, Lawang kabupaten Malang...."
Nofan Andromax,5,2 tahun lalu,Tidak bisa diungkapkan kan dgn kata².. emmejiing pokoknya.. 👍 …
Pontas Parlindungan,5,2 tahun lalu,Gila keren bet soalnya tinggi
Aiek STMulya,4,7 tahun lalu,Top deh 👌🏽👌🏽👌🏽 …
fatkhul muqorrobin,5,8 tahun lalu,Gunung arjuno sangat extrem .. Berbagai cerita mistis
Eko Heri Susanto,5,setahun lalu,Sangat mendebarkan
Intan Alisya,5,6 tahun lalu,Sejuk dan indah sekali pemandangan nya
hajar sany,4,5 tahun lalu,Info gunung arjuno udah di buka belom
galih raditya,1,6 tahun lalu,Sedih rasanya lihat banyak coretan gk bermanfaat seperti itu..😔 …
HEL IOS,4,6 tahun lalu,ANGKER NYA DI GUNUNG MANA YA? MAU UJI KENYATAAN NYA. ADA PENGALAMAN ILANG? ILANG NYA BIASA DIMANA?
4nndy,4,3 tahun lalu,Cocok buat para pendakii
Anas F,1,4 tahun lalu,Poin map nya salah. Ini bukan gn. Arjuno btw
Argha Zam,5,3 tahun lalu,Pemandangan alam yang paling indah
Jas Merah,5,6 tahun lalu,Tempat yang menanamkan rasa kebersaaman dengan teman
Sigit Wong,5,setahun lalu,Pengalaman yang tidak bisa dilupakan
Sugeng Widodo,5,4 tahun lalu,"Atas, gunung Arjuno.."
YASINTA ESTER MALONDA,5,5 tahun lalu,"Kebakaran jenggot,eh maksucd gw hutan hehe"
Rama Mendo,5,2 tahun lalu,Bagus pokoknya harus kesana
Muhammad Machrus,4,8 tahun lalu,Medan pendakian nya sadisss😂😂 …
Indra Sudjarwo,4,6 tahun lalu,Jalan mnju batu lingkar bisa dilalui
Ynos Armed,1,8 tahun lalu,Harusnya ini lokasi dari gunung welirang ...
Langits Biru,4,6 tahun lalu,View dari candi wesi
Fransiska Ayu Mustikaningtyas,5,8 tahun lalu,"Amazing mountain , bikin nagih via tretes"
Suka Suka Bojonegoro,5,7 tahun lalu,Jangan di rumah saja kawan indonesia itu indah..@arjuno 3339mdpl
Ahmad Refah,5,5 tahun lalu,Recomended u/ para petualang dan lewat via Lawang malang
Muchammad Thoyib As,5,7 tahun lalu,Puncak tertinggi ketiga di Jawa Timur
Rizqi Pratama,5,7 tahun lalu,good place pemandangan indah sejuj
Udin bakry Khasim,5,6 tahun lalu,Assalamualaikum gunung subur al hamdulillah salam barokah
ynos argond,3,6 tahun lalu,Apakah ini bukan map untuk lokasi gunung welirang ?
Kizzanya Dhebrahido,4,4 tahun lalu,per oktober dah buka belum ?
Mustaya Mustaya,5,8 tahun lalu,"Bagus, jadi ingin kesini kapan yah"
mitra pawiro,5,3 tahun lalu,Bukankah yg ini gn welirang?
Edy Purwanto,3,3 tahun lalu,Asyik untuk jalan2
Misbahul Ulum,5,5 tahun lalu,Tanjakan menuju Pasar dieng
kin's art,4,6 tahun lalu,Yg hobi muncak
Fightersh Speed,5,2 tahun lalu,
Antonius Pw,5,4 tahun lalu,Karena sangatnindah dan sejuk
CAPUNELA,5,3 tahun lalu,Tempatnya luar biasa
Nero Fabiano Akmal,5,2 tahun lalu,Bagus gunung nya
Sarwa Raisa,5,2 tahun lalu,
Dewi Anggita Puspitaningrum,5,4 tahun lalu,Langitnyaa pas cerah...🥰🥰 …
SASUKE uchiha,5,4 tahun lalu,
supri miko,5,4 tahun lalu,putuk lesung keren sob
Athfal adjie Pratama,5,4 tahun lalu,Ingin kesana tpi belom kesampaian juga
Antonio Handz Hendrik,4,6 tahun lalu,Gak bakalan kecewa klo mampir kesini
AdibrataDarma Sanjaya,1,setahun lalu,Tempat nya bagus
yahya ae,5,3 tahun lalu,mantab dan extrim banget
segianto 39,5,6 tahun lalu,Tempat Satria piningit akan dtg..🤗🤗🤗 …
Aneka Film,5,5 tahun lalu,Boleh juga di coba mendaki🤔🤔🤔🤔 …
Seminari Tinggi CM Ghebre Mikael Ghebre,5,5 tahun lalu,
Thekawed Arizona,5,5 tahun lalu,
Achmad Zainul Muttaqin,5,7 tahun lalu,"Subhanallah, indah"
Vicky Feriansyah,5,6 tahun lalu,Pemandangannya keren👍👍 …
Teguh Wandi,5,6 tahun lalu,G' arjuno pngen maen kesitu lagi.. 😁 …
aby bam,4,6 tahun lalu,Viewnya sangat istimewa.
Teguh Arie,5,setahun lalu,
Jonah M,2,3 tahun lalu,Keren viewnya
syifan gemin,4,8 tahun lalu,Gunung ini dekat rumah ku
She M,5,8 tahun lalu,siap menantang para penjelajah.....
Iv Han,5,4 tahun lalu,Sangat menantang
Abinniba,5,5 tahun lalu,Dunianya para petualangan
Aditya Kusuma,4,8 tahun lalu,Trek terjal via lawang
Wiryanto,5,6 tahun lalu,Mantap seru keren abisssss
Muzakiart,5,5 tahun lalu,View nya luarbiasahhh
Anggun Dewi,3,7 tahun lalu,Dinginnn kapan kesini lagi ya...
cupesisme 007,5,6 tahun lalu,Gunung yang indah dan penuh misteri
Sijhont,5,4 tahun lalu,Jatim selalu di hati
Ning Wati,5,4 tahun lalu,Gunung nya angker
Ray Mom and Family,5,6 tahun lalu,seharusnya ini gunung welirang
Angga Setiawan,1,setahun lalu,Titik salah
Noufal Rid,5,6 tahun lalu,Woo pengalaman yg tak terlupakan
Adi Hariadi,5,4 tahun lalu,Penuh perjuangan
Cilil Arrow,5,7 tahun lalu,Jaga stamina aja kalo disini
Yanto Unyil,5,5 tahun lalu,Gunung yang menakjubkan
Tong Bajil,5,3 tahun lalu,
Omar Al Ajmi,4,6 tahun lalu,Mantap track terberat
Ega Zanetti,5,4 tahun lalu,Gunung Arjuno Terbaik
Alhilal Hamdi,5,setahun lalu,Sangat exotis
Mimin,5,7 tahun lalu,Pengen muncak lagi
Wahyu Ningsih,5,4 tahun lalu,Pingin kesana lagi 😢😢😢😢 …
Rizal mans,5,6 tahun lalu,Tolong dijaga kebersihannya
Pak Jemono,4,5 tahun lalu,Keren dan menakjubkan.
yudi oke,5,7 tahun lalu,Dekat Puncak Gunung Arjuno.
Anisa Laumbure,5,3 tahun lalu,
RULLY FARM,5,3 tahun lalu,
Dedi Wae,5,4 tahun lalu,Mantul lokasinya
JUS KUPHI Medan,5,3 tahun lalu,
Perfect Stranger,4,6 tahun lalu,Ayo ke sini lagi ...
Defri Anggara Chanel,5,4 tahun lalu,Patut di coba gunung ini
Riyan Ninis,5,4 tahun lalu,
Cahyo Susanto,5,setahun lalu,Ingin ke sana lagi
Wahyu Iyung,5,5 tahun lalu,Tempat nya menantang
Furqon Akbar,5,4 tahun lalu,
Firman Nur Rahman,5,7 tahun lalu,Sangat menyenangkan
Mustaqim Alhilal,5,4 tahun lalu,
RiiE chand,5,4 tahun lalu,
E. DENI. S,5,4 tahun lalu,
amelda arnelita,5,5 tahun lalu,Bagus banget.
David Kharisma,5,5 tahun lalu,Kurang menarik
Khoirul Umam,5,6 tahun lalu,Gunung arjuno 3339 mdpl
Harry Purnama,5,5 tahun lalu,Mantap banget keindahan ya
fajar ibnu,5,2 tahun lalu,
Duto Mahardiko,5,6 tahun lalu,Bikin dengkul bergetar
ALI MAHSUSIN,5,5 tahun lalu,
Viko Al Fatih,4,6 tahun lalu,
Bangun Ratmono,4,3 tahun lalu,Tempat yang indah ..
yazid basthamy,5,8 tahun lalu,Sangat membantu
Ragenah Blaz,1,3 tahun lalu,tidak ada di lokasi
Maulana Rzyo99,5,3 tahun lalu,Indah dari jauh
Ikhwan Saifudin,5,3 tahun lalu,Sangat indah
Nusatech “Mbah Sholeh”,5,4 tahun lalu,Selalu ingin ke sini
Draxler,5,3 tahun lalu,
su Trisno,5,8 tahun lalu,Tempat eksotis
Ayah Bagus,5,8 tahun lalu,
Sigit Setiawan,5,8 tahun lalu,Sangan menapjubkan
Nash nsr,2,7 tahun lalu,Ini seharusnya Gunung Welirang
ekho AW,4,8 tahun lalu,Tempet yg indah
Prayoga__,5,6 tahun lalu,Sangat bagus
Khutfiatul Angel,5,setahun lalu,
Rival Prada,5,8 tahun lalu,
reyska nanda,2,8 tahun lalu,Saya tau kegunung arjuna
Deph Yu Can,3,8 tahun lalu,
Wiwik Handayani Khulsum,5,4 tahun lalu,Subhanallah ...
Sustrini awbRSB,5,6 tahun lalu,masih alami
Arwana Chris,4,6 tahun lalu,"Bagus, pengen kesini"
Muhammad Muchsinnin,5,5 tahun lalu,
Yesi Lestari,5,2 tahun lalu,
Seno Agung,5,7 tahun lalu,
Multi Cell,5,6 tahun lalu,
Angga Wibowo,5,4 tahun lalu,Gunung yang indah
pilow Sopir,5,6 tahun lalu,
Ardi Yahya,5,5 tahun lalu,
edi 108saputra,5,5 tahun lalu,
GTX banggai,5,6 tahun lalu,
Rendra Wahyu,5,6 tahun lalu,
Zean,5,2 tahun lalu,
oktavia_005,5,5 tahun lalu,Kebakaran di g.arjuna
Ysfotografia,5,5 tahun lalu,Buat Refreshing
Fransiskus Nerva,3,3 tahun lalu,Sangat indah
Dika wahyudi,5,setahun lalu,Arjuno mantul
Agung Mulyadi,5,2 tahun lalu,Subhanallah
Hadiid Akbar,3,6 tahun lalu,Refreshing yuuk
cutsilvie 9C,5,5 tahun lalu,Bagussssssss
Helen Avilia Hartono,5,6 tahun lalu,Gunung Arjuna
Siti K Indiani,1,6 tahun lalu,
garbage man,5,5 tahun lalu,
Anggaproperty Surabaya,5,9 jam lalu,Luar biasa ada beberapa jalur ke Gunung Arjuna Melalui Wonosari Lawang jalur Petilasan Melalui Sumber Brantas Cangar Dari yang Beberapa Kali Saya Beberapa kali lewat jalur Purwosari ( Petilasan Candi2) terutama Candi SEPiLAR Seperti memasuki Ruang Waktu Erra Nenek Moyang kita dengan Kepercayaan Pernyembahan kepada yang Tunggal
Maisnam Raju,5,3 tahun lalu,"Salah satu tempat terindah yang pernah saya kunjungi. Pemandangannya menakjubkan dan perjalanannya menantang dan melelahkan. Kami memulai pendakian melalui Sumber Brantas. Anda memerlukan surat keterangan kesehatan dari klinik pemerintah untuk dapat mendaki, meskipun kami tidak yakin apakah mereka memeriksanya dengan cermat. Tersedia transportasi dari basecamp sampai ke kaki gunung yang memudahkan pendakian, pemandangan di perjalanan juga menakjubkan. Dari sana, pendakiannya, pendakiannya, pendakiannya. Ada tiga pos pemeriksaan sampai Anda mencapai lokasi perkemahan. Perjalanan dari 2 sampai 3 adalah yang tersulit dan perjalanan memakan waktu sekitar 5 jam dari kaki gunung. Pemandangan di dekat tempat perkemahan sungguh menakjubkan dan layak untuk didaki yang melelahkan. Dari sini Anda bisa mendaki 4 puncak. Arjuno yang memakan waktu 5 sampai 6 jam sekali jalan, kembar 1 dan weiliriang yang memakan waktu total sekitar 4 jam untuk kembali ke perkemahan dan akhirnya kembar 2. Tidak banyak satwa liar yang akan Anda temui selain beberapa burung dan babi hutan yang datang ke perkemahan pada malam hari untuk mencari makanan, ada juga 2 macan kumbang yang mungkin Anda temui menurut penjaga di basecamp (teman kami melihatnya sekilas). Belum ada serangan sama sekali dan bukan sesuatu yang perlu dikhawatirkan. Direkomendasikan minimal 3 orang untuk mendaki bersama-sama kecuali Anda memiliki pemandu dan porter yang juga dapat diatur di basecamp. Terakhir, Anda perlu membawa banyak air karena ini akan memakan waktu 2 hingga 3 hari dan tidak ada sumber air dekat di dekat perkemahan; sumber air terdekat berjarak 1 setengah jam. Diterjemahkan oleh Google ・ Lihat versi asli (Inggris)"
Luffy Monkey,5,6 tahun lalu,"Ini adalah gunung favoritku. Aku sering mendaki gunung ini sendirian, dan aku bangga karenanya. Nikmati pemandangan indah, udara segar, air, dan suara alam. Itu membuatku merasa bahagia. Bebas dari aktivitas sehari-hari. Segarkan pikiran dan tubuhku. Hebat sekali. ada beberapa cara kita bisa mencapai puncak gunung ini. Saya telah mulai dari lawang. Tidak ada air sampai puncak. Jadi, kami harus mengambil air dari basecamp. Diterjemahkan oleh Google ・ Lihat versi asli (Inggris)"
Junjunan H M,5,4 tahun lalu,"Perjalanan yang luar biasa. Start track dari purwosari sampai puncak Arjuno dan turun ke tretes setelahnya sampai ke Welirang. Banyak tempat unik dari purwosari dan perjalanan pulang ke basecamp tretes. Membuka tenda di puncak arjuno adalah pengalaman terhebat. Hanya grup kami, 2 tenda dan hanya 3 orang. Diterjemahkan oleh Google ・ Lihat versi asli (Inggris)"
Alirsyad Pahlevi,5,3 tahun lalu,"Saya mulai mendaki melalui batu, cangar, sumber brantas. Jalurnya cukup bagus untuk yang mau mulai mendaki, dari basecamp sebaiknya naik ojek/truk dengan harga terjangkau, walaupun dari basecampe bisa jalan kaki kalau mau, tapi saya sarankan naik ojek/truk itu, karena akan menghemat tenaga untuk 5-6 jam pendakian untuk sampai ke pos 3. Anda bisa berkemah di pos 3. Dari pos 3 Anda bisa menuju puncak welirang untuk pendakian 1 jam, dan Anda bisa pergi ke puncak arjuno untuk pendakian lagi 6 jam. Sebaiknya bawa air yang banyak, karena sumber air jauh dari lokasi perkemahan pos 3, mungkin 4,5-6liter/orang. Sebaiknya anda membawa logistik yang cukup karena dari pos 3 menuju puncak arjuno lintasan akan memakan banyak tenaga akibat permukaan lintasan yang vertikal. Meskipun pemandangan itu akan membalas energi Anda. Diterjemahkan oleh Google ・ Lihat versi asli (Inggris)"
Arifarif Arifarif,5,8 bulan lalu,"Setiap anggota staf yang berinteraksi dengan kami benar-benar senang berada di sana dan ingin membantu. Mereka menjaga getaran baik tetap mengalir, dan kami merasa sangat disambut. Sulit menemukan tempat dengan tingkat keramahan seperti ini! Diterjemahkan oleh Google ・ Lihat versi asli (Inggris)"
Yant Bastian,4,6 bulan lalu,luar biasa untuk hiking-camp dengan pemandangan 360° yang menakjubkan Diterjemahkan oleh Google ・ Lihat versi asli (Inggris)
Arunika,5,setahun lalu,"melalui sumber brantas Jarak: 8,23km Total Waktu: Waktu Berjalan: Minimal. Ketinggian: 2.035m Maks. Ketinggian: 3.341m Pendakian: 1,448m Keturunan: 153m Kecepatan Rata-rata: 2,6km/jam ---------> Segmen #1: <--------- melalui sumber brantas Tanggal Mulai: 16-Agustus-2023 Waktu Mulai: Ketinggian awal: 2.038m Jarak: 4,40km Total Waktu: Waktu Berjalan: Minimal. Ketinggian: 2.035m Maks. Ketinggian: 2.913m Pendakian: 878m Keturunan: 4m Kecepatan Rata-rata: 2,4km/jam ---------> Segmen #2: <--------- melalui sumber brantas Tanggal Mulai: 17-Agustus-2023 Waktu Mulai: Ketinggian awal: 2,921m Jarak: 3,82km Total Waktu: Waktu Berjalan: Minimal. Ketinggian: 2.799m Maks. Ketinggian: 3.341m Pendakian: 570m Keturunan: 149m Kecepatan Rata-rata: 2,8km/jam Diterjemahkan oleh Google ・ Lihat versi asli (Inggris)"
Grya Udie,1,6 tahun lalu,Bergaul dengan petani sayuran. Di gunung Arjuna Diterjemahkan oleh Google ・ Lihat versi asli (Jawa)
my travel diary,5,6 tahun lalu,Gunung yang sangat tinggi dan indah dengan track yang sangat menantang. Persiapkan diri Anda secara mental dan fisik. Anda akan takjub melihat betapa menakjubkannya gunung tersebut. Ada lembah kidang yang sangat indah dan hutannya sangat menyenangkan. Diterjemahkan oleh Google ・ Lihat versi asli (Inggris)
Mawanda Almuhayar,5,3 tahun lalu,"Telah di atasnya pada bulan November 2015. Anda bisa mencapai puncak sekitar 11 jam dari basecamp. Pemandangannya luar biasa, Anda bisa melihat pemandangan Gunung Semeru dari atas. Diterjemahkan oleh Google ・ Lihat versi asli (Inggris)"
Ubaidillah Arrosyd,5,4 tahun lalu,Gunung yang menakjubkan Diterjemahkan oleh Google ・ Lihat versi asli (Inggris)
anindia jasmine alika,5,sebulan lalu,Diterjemahkan oleh Google ・ Lihat versi asli (Malta)
Yahya M Aji,5,4 tahun lalu,betapa indahnya gunung itu Diterjemahkan oleh Google ・ Lihat versi asli (Inggris)
ony tjahjono,5,6 tahun lalu,"Gunung ini merupakan gunung favorit untuk panjat tebing di Indonesia. Para pendaki tidak hanya dapat menikmati aktivitas yang menyenangkan selama pendakian, tetapi juga mendapatkan manfaat lebih, seperti pemandangan indah di puncaknya dan beragam satwa liar eksotis di area tersebut. Sesuatu yang langka dan perlu dilihat selama aktivitas pendakian gunung. Salam. Ony Tjahjono Doha, Negara Bagian Qatar Diterjemahkan oleh Google ・ Lihat versi asli (Inggris)"
Mas Prast,5,4 minggu lalu,
Riefky KC,5,2 tahun lalu,KTT yang luar biasa!! Diterjemahkan oleh Google ・ Lihat versi asli (Inggris)
Din's,3,8 tahun lalu,Sejauh ini sangat keren Diterjemahkan oleh Google ・ Lihat versi asli (Inggris)
Naufal Nafis,5,6 tahun lalu,"jalur menuju puncak memang sangat menyiksa, namun setelah sampai di puncak pemandangannya sangat indah Diterjemahkan oleh Google ・ Lihat versi asli (Inggris)"
Idejun,4,3 tahun lalu,Pemandangan indah di atas Diterjemahkan oleh Google ・ Lihat versi asli (Inggris)
Kaito H,5,11 bulan lalu,Surabaya Fuji 🗻 … Diterjemahkan oleh Google ・ Lihat versi asli (Jepang)
Najibullah Rizqy F,5,2 tahun lalu,Gunung ini menawarkan pemandangan yang menakjubkan. Diterjemahkan oleh Google ・ Lihat versi asli (Inggris)
FAIZ gaming,5,4 tahun lalu,sangat keren dan bagus Diterjemahkan oleh Google ・ Lihat versi asli (Melayu)
WHd story,4,2 tahun lalu,Diterjemahkan oleh Google ・ Lihat versi asli (Inggris)
Heru Setiono,5,sebulan lalu,
KR Project,5,4 tahun lalu,Kerja bagus Diterjemahkan oleh Google ・ Lihat versi asli (Inggris)
B4NK H42TO,5,4 tahun lalu,
Hardi Sulistiyo,5,6 tahun lalu,
Andi Muhammad Akbar,5,5 tahun lalu,
Nisa Viona,5,3 tahun lalu,
PT INDONESIA BERSIH RAPI,5,3 tahun lalu,Gunung berapi. Ada rahasia. Diterjemahkan oleh Google ・ Lihat versi asli (Jawa)
Rahman Slamet,5,2 tahun lalu,Dingin alami Diterjemahkan oleh Google ・ Lihat versi asli (Melayu)
Ryan kurnia,5,5 tahun lalu,Senang untuk mendaki Diterjemahkan oleh Google ・ Lihat versi asli (Inggris)
Edy Supriyadi,5,4 tahun lalu,
nazril imam kautsar,4,4 tahun lalu,Diterjemahkan oleh Google ・ Lihat versi asli (Inggris)
Devi Ari Setyawati,5,3 tahun lalu,Pemandangan menakjubkan!!!!! Diterjemahkan oleh Google ・ Lihat versi asli (Inggris)
Yuniar Safitri,5,3 tahun lalu,
DewiAngie Delova,4,8 tahun lalu,Luar biasa Wes ta lah Diterjemahkan oleh Google ・ Lihat versi asli (Inggris)
Indra Permana,5,4 tahun lalu,Diterjemahkan oleh Google ・ Lihat versi asli (Inggris)
Putra Aji,4,5 tahun lalu,Diterjemahkan oleh Google ・ Lihat versi asli (Inggris)
Fifianti Handojo,5,2 tahun lalu,Gunung yang indah Diterjemahkan oleh Google ・ Lihat versi asli (Inggris)
Iqbal Malik Dwicahyo,5,6 tahun lalu,
Daniel Sanova,5,6 tahun lalu,Pemandangan yang indah Diterjemahkan oleh Google ・ Lihat versi asli (Inggris)
Lilik Umilastri,4,8 tahun lalu,Diterjemahkan oleh Google ・ Lihat versi asli (Esti)
dimas andi,5,6 tahun lalu,
Karisma Aditya,5,8 tahun lalu,Tiga petualang pemberani Diterjemahkan oleh Google ・ Lihat versi asli (Jawa)
Feri hermawan,5,4 tahun lalu,
M CHANNEL,4,7 tahun lalu,
ischak suriyanto,5,4 tahun lalu,Kemuliaan bagi Tuhan Diterjemahkan oleh Google ・ Lihat versi asli (Arab)
Bambang Benk,5,2 tahun lalu,Diterjemahkan oleh Google ・ Lihat versi asli (Inggris)
Guntur Abdullah,5,3 tahun lalu,
Anak Guruh,4,2 tahun lalu,Diterjemahkan oleh Google ・ Lihat versi asli (Inggris)
Atan Jag,4,2 tahun lalu,Diterjemahkan oleh Google ・ Lihat versi asli (Inggris)
Yosaicko Ai Van Daixe,5,4 tahun lalu,Gunung Besar ... Diterjemahkan oleh Google ・ Lihat versi asli (Inggris)
darta ABS channel,5,4 tahun lalu,
Nanda Partama,5,5 tahun lalu,
Moch Ghufron,3,8 tahun lalu,Diterjemahkan oleh Google ・ Lihat versi asli (Inggris)
Speargun Mania,5,8 tahun lalu,Diterjemahkan oleh Google ・ Lihat versi asli (Inggris)
Laode Shalahuddin,5,7 tahun lalu,Diterjemahkan oleh Google ・ Lihat versi asli (Suomi)
Mukhammad Iqbal Sobirin,5,6 tahun lalu,Mereka dibuat Diterjemahkan oleh Google ・ Lihat versi asli (Malta)
DIDIK KN,5,3 tahun lalu,Tempat yang bagus Diterjemahkan oleh Google ・ Lihat versi asli (Inggris)
GANKSAR Service Laptop Malang,5,5 tahun lalu,ingin mencapai puncak Diterjemahkan oleh Google ・ Lihat versi asli (Melayu)
gajah oleng,5,7 tahun lalu,Diterjemahkan oleh Google ・ Lihat versi asli (Inggris)
adam budiansyah,5,7 tahun lalu,Gunung Berhantu 👀 … Diterjemahkan oleh Google ・ Lihat versi asli (Inggris)
Mochamad Wiby Erton Firmanda,5,8 tahun lalu,Luar biasa!!! Diterjemahkan oleh Google ・ Lihat versi asli (Inggris)
br14n 1m4g3s,5,8 tahun lalu,Diciptakan kembali Diterjemahkan oleh Google ・ Lihat versi asli (Inggris)
Ezi Wijaya,5,2 tahun lalu,Diterjemahkan oleh Google ・ Lihat versi asli (Inggris)
Baikuni Efendi,5,7 tahun lalu,Jalan menuju 👣👣👣 … Diterjemahkan oleh Google ・ Lihat versi asli (Inggris)
M Hassan,5,4 tahun lalu,Diterjemahkan oleh Google ・ Lihat versi asli (Prancis)
Mochamad Topik,5,8 tahun lalu,Diterjemahkan oleh Google ・ Lihat versi asli (Inggris)
Yudi priyono,5,2 minggu lalu,
Dani Harja,5,sebulan lalu,
amila rofiqo,5,sebulan lalu,
affan arkha,2,3 bulan lalu,
Arif Santoso,4,6 bulan lalu,
Jayus Hari,5,7 bulan lalu,
Wildan Nafiq,5,8 bulan lalu,
Riza Azizi,5,setahun lalu,
wirastuti handayani,5,setahun lalu,
Paksri Paksri,4,setahun lalu,
Samsaudin Arief,3,setahun lalu,
Yiing ARIL,5,setahun lalu,
MsA603ng,5,2 tahun lalu,
Sulis Kurnia,5,2 tahun lalu,
Abdillah Setiono,5,2 tahun lalu,
Lemona Malang,5,2 tahun lalu,
Mohammad Habib,5,2 tahun lalu,
Rifandy Marfianto,5,2 tahun lalu,
Raja Sayyid Abdul Aziz,4,2 tahun lalu,
zahra pusvita hanindityas,5,2 tahun lalu,
Khoerul Anwar,5,2 tahun lalu,
Kevin Setyabudi,4,2 tahun lalu,
Iftitah Choiron Lana,5,2 tahun lalu,
Siska Astriyani,5,2 tahun lalu,
Asep madrid,5,2 tahun lalu,
Rina Rossa,5,2 tahun lalu,
kamrax fm,5,3 tahun lalu,
Lintang Gatsu,5,3 tahun lalu,
Khoirun Naim,5,3 tahun lalu,
Resti Andriani,5,3 tahun lalu,
Moh Ali sa'di,4,3 tahun lalu,
Ahmad Sharil,4,3 tahun lalu,
Lamijo Setyo Pramono,5,3 tahun lalu,
aviroflight,5,3 tahun lalu,
Yulia Syifaurrohmah,4,3 tahun lalu,
Khanza Azzahra Havid,5,3 tahun lalu,
Darwati Suyono,5,3 tahun lalu,
Anis Mufidah,5,3 tahun lalu,
Anggi Rasta,5,3 tahun lalu,
zaenal arifin,5,3 tahun lalu,
Sefi Yulianti24,5,3 tahun lalu,
Dany Ok,5,3 tahun lalu,
whisnu putro,5,3 tahun lalu,
Mas Widi,5,3 tahun lalu,
vebriana dwi amira (Soka),4,4 tahun lalu,
Karbella Nov,5,4 tahun lalu,
Hanafi Ingah Jauhari,5,4 tahun lalu,
Dicky Prett,5,4 tahun lalu,
Mohammad Qosim Al Hafiezh,5,4 tahun lalu,
lalang budhi Rianto,5,4 tahun lalu,
Jiang Seo,5,4 tahun lalu,
SALAMedia,4,4 tahun lalu,
go will fishing club pecaron situbondo,5,4 tahun lalu,
namira nrand,4,4 tahun lalu,
Gaz Bocyor,5,4 tahun lalu,
Kris A,5,4 tahun lalu,
Sarana Sukses Bekerja,5,4 tahun lalu,
Rifqi Nadhif,5,4 tahun lalu,
Belvana Aqil,5,4 tahun lalu,
Linda Leo,5,4 tahun lalu,
azizah ulla,4,4 tahun lalu,
Nora Iv,5,4 tahun lalu,
Mesut Oyek,5,4 tahun lalu,
Anita listy,1,4 tahun lalu,
Yoga Ferdiyas,5,4 tahun lalu,
Sofi Aghil,5,4 tahun lalu,
Noer Azizah,5,4 tahun lalu,
The “Lazyers” Mardian,5,4 tahun lalu,
Moch Fadhli,5,4 tahun lalu,
Sugeng Hari,5,4 tahun lalu,
Wahyonotia Wahyonotia,5,4 tahun lalu,
AHMAD JAZULI,5,4 tahun lalu,
cak kholiq,5,4 tahun lalu,
Muhammad Nurkholis Mr,5,4 tahun lalu,
Agus Budi Hermanto,5,4 tahun lalu,
Wisnu Fajar Suyanto,5,4 tahun lalu,
Aconk Idris,5,4 tahun lalu,
abdul azis,5,4 tahun lalu,
Edie Bhaskara,5,4 tahun lalu,
Fitrii Petualang,5,4 tahun lalu,
Firdaus Efendi,5,4 tahun lalu,
ahmad mahsuni18,5,4 tahun lalu,
negeri jenaka,5,4 tahun lalu,
Ronny Rompas,5,4 tahun lalu,
Lukman hakim,5,5 tahun lalu,
Davian Amari,5,5 tahun lalu,
mohammad nur sya ban al hilal,5,5 tahun lalu,
Metha Karina,5,5 tahun lalu,
ABDUL MUNTHOLIB MAHRI,5,5 tahun lalu,
Saifun Nasriyah,5,5 tahun lalu,
Kadal speed,5,5 tahun lalu,
iis airlia,5,5 tahun lalu,
Muwardi Adi,5,5 tahun lalu,
Icott,5,5 tahun lalu,
wonk gwanteng,5,5 tahun lalu,
Belia Febriana,5,5 tahun lalu,
anggun oktavia,5,5 tahun lalu,
Abraham Roy,5,5 tahun lalu,
tyas ferdianto,1,5 tahun lalu,
aku dewe,3,5 tahun lalu,
Dinidwi Jayanti,5,5 tahun lalu,
Lelly Tonny,5,5 tahun lalu,
Agus Arya,5,5 tahun lalu,
Eka Putri rahayu,4,5 tahun lalu,
Ayu Damayanti,5,5 tahun lalu,
꧁ѕυςι ꧂ ꧁ѕυςι꧂ ꧁ѕυςι ꧂ ꧁ѕυςι꧂,5,5 tahun lalu,
Muhammad Shidiq,4,5 tahun lalu,
el_ anwarz,5,5 tahun lalu,
sutrisno App stote,5,5 tahun lalu,
meilani astiti,4,5 tahun lalu,
Eno Silvianah,5,5 tahun lalu,
krisna Indra,5,5 tahun lalu,
Dhoww One,3,5 tahun lalu,
Muhammad Arif,5,5 tahun lalu,
Fievi Indah,5,6 tahun lalu,
Etty Barlian,3,6 tahun lalu,
Tono Triyantono,5,6 tahun lalu,
Husen Abdilah,4,6 tahun lalu,
Hardy Effendi,5,6 tahun lalu,
Felicia Grace Yonathan,1,6 tahun lalu,
nining sulistyaningrum,3,6 tahun lalu,
Alvian ph,5,6 tahun lalu,
Ibrahim Sumadji,5,6 tahun lalu,
Dicky ozy,5,6 tahun lalu,
Agung Toni,5,6 tahun lalu,
Rizky Eko Prastyo,5,6 tahun lalu,
Sinta Kristiani,5,6 tahun lalu,
Mukti Laras,3,6 tahun lalu,
Weny Rahmawati,5,6 tahun lalu,
Dimas Prayoga,5,6 tahun lalu,
Maulida Alviana,4,6 tahun lalu,
L.K.G.E GAMING,5,6 tahun lalu,
mukhamad thoha,5,6 tahun lalu,
shanley sansa,5,6 tahun lalu,
Jihan Haswin,5,6 tahun lalu,
Radit Prasetiyo,1,6 tahun lalu,
Hery Ramdan w,5,6 tahun lalu,
gadis sefty,1,7 tahun lalu,
Alexandra Hanifah,1,7 tahun lalu,
Najwa Aulia,5,7 tahun lalu,
Ilham Romadhoni,1,7 tahun lalu,
muhammad eka fajar arifin,5,7 tahun lalu,
I Wayan Sugiantara,5,7 tahun lalu,
Aldi Prasetya,4,7 tahun lalu,
Juli Windarti,3,7 tahun lalu,
IRFAN MIRZA,5,7 tahun lalu,
Thonie Prasetyo,5,7 tahun lalu,
Antayasa,5,7 tahun lalu,
Fahri Tube,5,7 tahun lalu,
Pandik,5,7 tahun lalu,
indra hidayat,4,7 tahun lalu,
Amung STM,5,7 tahun lalu,
Yanti Sugiyanti,1,7 tahun lalu,
خير يدودو,5,7 tahun lalu,
Al Arif,5,7 tahun lalu,
Agung M.S,3,7 tahun lalu,
arief olep,2,7 tahun lalu,
Resky Dg LAla,5,7 tahun lalu,
Ulul Albab,5,7 tahun lalu,
agus zainal,5,7 tahun lalu,
Gema Gema,5,7 tahun lalu,
slamet ublix,1,8 tahun lalu,
Eko Rudi,1,8 tahun lalu,
Hadi Suwarto,5,8 tahun lalu,
Naufanza Manggala,5,8 tahun lalu,
Shevira Margareta,5,8 tahun lalu,
Ian Survey,5,8 tahun lalu,
Siti Lailiyah,1,8 tahun lalu,
kotani Yoshi,4,8 tahun lalu,
mamyshark zainal,1,8 tahun lalu,
Partono Partono,5,8 tahun lalu,
Anang Budianto,4,8 tahun lalu,
Alex Andri,1,8 tahun lalu,
Aji Giri,5,8 tahun lalu,
Nur Aini,4,8 tahun lalu,
Siti Mukaromah,3,8 tahun lalu,
Dimas Deny Kanjeng,5,8 tahun lalu,
lisser adventure,5,8 tahun lalu,
Fiera Aisyah,5,8 tahun lalu,
Imam Hanafi,5,8 tahun lalu,
