reviewer_name,rating,date,visit_time,review_text
Laventine Devi Lulita,5,setahun lalu,,"tempat yang indah dan Sejuk. Pemandangan Gunung Panderman sangat indah sekali di lihat dari sini. Selain itu juga terdapat banyak kuliner di sekitar situ. Seperti Warung rujak biru bu Rini, dan Warung Soto sawah.. Seruskali jalan2 disana"
Heny ChN,4,4 tahun lalu,,Pusat wanita bunga yg ada di kota Batu...Tempat mudah dijangkau.. tempat parkir luas . Tersedia aneka macam bunga.. harga bersahabat .. selain distributor bunga jg sbg tempat wisata yg di gemari wisnus maupun wisman .. terletak dekat pusat kota
Wiranata agil,4,3 tahun lalu,,"BATU again.. buat kalian yang ingin beli oleh"" tanaman disini tempatnya. kyaknya semua jenis tanaman bunga n buah ada deh.. hehehe mungkin soalnya banyak banget.. tempatnya gak terlalu jauh dari pusat kota batu akes pun mudah sudah banyak petunjuk jalan n pastinya disini harga terjangkau bisa ditawar pula.. Ok Happy holiday"
Feny Azahra,5,3 tahun lalu,,"Suasananya asri,alami dan banyak aneka bunga yang bikin perasaan ikut berbunga bunga"
Widi,5,setahun lalu,,Pusat beraneka ragam bunga bunga sidomulyo 👍 …
Arishadi Prasetyo,5,3 tahun lalu,,Seger n varian tanaman nya berjuta
Roa Nuh Kalijaga,5,3 tahun lalu,,"Akhirnya saya menemukan tempat di mana saya rutin datang untuk berbelanja tanaman. Udara segar dengan pemandangan pegunungan yang sejajar dengan jalan raya, tempat yang tepat untuk bercocok tanam. Mereka juga memiliki area parkir yang luas Diterjemahkan oleh Google ・ Lihat versi asli (Inggris)"
miftakhul lailia magfiro,5,6 bulan lalu,,
Andika Andini,5,setahun lalu,,
Jedhet 68,5,3 tahun lalu,,
Bintang Romadhona,5,3 tahun lalu,,
aulia khoirunnisa,4,3 tahun lalu,,
Bambang Irawan,5,4 tahun lalu,,
Cristiyaningsih Dwi,1,4 tahun lalu,,
Awiexa,4,6 tahun lalu,,
